"Keyword","Intent","Volume","KD %","CPC","Competition","Results"
"audiences in jwt are not allowed","I","1,900","27","0.00","0.00","122"
"esp32 jwt authentication","I","1,300","23","0.00","0.00","91"
"audiences in jwt are not allowed spotify","I","1,000","24","0.00","0.00","2.4K"
"pinata jwt","I","1,000","18","0.00","0.07","4.2K"
"how to use jwt an edit token","I","880","15","0.00","0.00","9.3M"
"jwt token generator","I","590","28","2.57","0.02","3.4M"
"jwt encoder","I","390","28","0.00","0.00","655K"
"jwt vs oauth","I","390","21","6.67","0.02","17.3M"
"audiences in jwt are not allowed spotfy","I","320","23","0.00","0.00","2K"
"jwt.decode","I","320","24","3.57","0.00","2.8M"
"jwt_secret","C","320","15","3.81","0.13","77.5K"
"oauth vs jwt","I","320","25","6.67","0.02","17.6M"
"firebase/php-jwt","I","210","19","0.00","0.00","n/a"
"jwt refresh token","I","210","28","0.00","0.05","n/a"
"nimbus jose jwt","I","210","20","0.00","0.00","20.8K"
"spotify audiences in jwt are not allowed","I","210","29","0.00","0.00","2.2K"
"supabase jwt secret","I","210","16","0.00","0.33","18.3K"
"how does jwt work","I","170","23","0.74","0.13","17.2M"
"jwt audience","I","170","20","0.00","0.03","2M"
"jwt vs oauth2","I","170","26","0.00","0.03","4.1M"
"audiences in jwt are not allowed meaning","I","140","15","0.00","0.33","20.5K"
"authsdkerror the jwt was issued in the future","I","140","15","0.00","0.01","542"
"bearer token vs jwt","I","140","28","0.00","0.01","2.7M"
"decrypt jwt token","I","140","29","0.00","0.00","n/a"
"jwt bearer token","I","140","25","0.00","0.02","n/a"
"jwt expiration","I","140","28","0.00","0.00","2.1M"
"jwt expired","I","140","28","0.00","0.00","2.9M"
"jwt key generator","I","140","28","0.00","0.01","3.4M"
"jwt kid","I","140","20","0.00","0.00","460K"
"jwt ms","I","140","20","0.00","0.00","13.9M"
"jwt token decode online","I","140","25","0.00","0.00","102"
"jwt vs bearer token","I","140","25","0.00","0.01","2.6M"
"how to create jwt token","I","110","29","3.18","0.11","140"
"how to generate jwt token","I","110","27","3.12","0.09","8.7M"
"invalid jwt token","I","110","19","0.00","0.00","3.9M"
"jwt invalid signature","I","110","21","0.00","0.33","n/a"
"jwt issuer","I","110","28","0.00","0.02","n/a"
"jwt security news","I","110","20","0.00","0.00","2.6M"
"jwt token node js","I","110","23","0.00","0.01","5M"
"jwt token refresh","I","110","21","0.00","0.05","n/a"
"oauth and jwt","I","110","28","2.97","0.13","15.5M"
"oauth with jwt","I","110","28","2.97","0.13","17.6M"
"spring security jwt","I","110","29","0.00","0.01","16.8M"
"app store server api jwt exp maximum 20 minutes","I","90","24","0.00","0.00","n/a"
"express-oauth2-jwt-bearer","I","90","16","0.00","0.00","30.8K"
"generate secret key for jwt","I","90","16","0.00","0.04","95"
"jwt authorization","I","90","28","0.00","0.09","12.6M"
"jwt expiry","I","90","26","0.00","0.00","734K"
"jwt logo","I","90","25","0.00","0.00","14.6M"
"jwt rs256","I","90","21","0.00","0.33","115"
"jwt spring security","I","90","20","0.00","0.01","16.8M"
"jwt 解析","I","90","21","0.00","0.00","1M"
"jwt_tool","N","90","17","0.00","0.02","11.2K"
"what does audiences in jwt are not allowed mean","I","90","22","0.00","0.00","23.9K"
"app store server api jwt exp 20 minutes","I","70","20","0.00","0.00","n/a"
"app store server api jwt expiration 20 minutes","I","70","17","0.00","0.00","81"
"bearer jwt","I","70","29","0.00","0.02","n/a"
"firebase php jwt","I","70","16","0.00","0.00","15.1M"
"how to fix audiences in jwt are not allowed","I","70","19","0.00","0.00","67.1K"
"jwk vs jwt","I","70","26","0.00","0.01","308K"
"jwt decode npm","I","70","26","0.00","0.00","2.5M"
"jwt for php","I","70","24","0.00","0.01","17.9M"
"jwt in node js","I","70","28","0.00","0.01","17.3M"
"jwt is expired","I","70","23","0.00","0.33","2.5M"
"jwt javascript","I","70","29","0.00","0.01","16.1M"
"jwt passport","I","70","21","0.00","0.01","120"
"jwt scope","I","70","22","0.00","0.02","13.4M"
"jwt scopes","I","70","28","0.00","0.02","1.8M"
"jwt subject","I","70","28","0.00","0.03","n/a"
"jwt token bearer","I","70","29","0.00","0.02","117"
"jwt with spring security","I","70","16","0.00","0.01","16.4M"
"npm okta jwt verifier","I","70","18","0.00","0.33","1.6K"
"passport js jwt","I","70","27","0.00","0.01","2.7M"
"postman jwt token","I","70","16","0.00","0.33","85"
"python decode jwt","I","70","28","0.00","0.33","n/a"
"spring security with jwt token","I","70","26","0.00","0.01","3.8M"
"system.identitymodel.tokens.jwt","I","70","24","0.00","0.02","n/a"
"what does audiences in jwt mean","I","70","21","0.00","0.00","26.3K"
"app store connect api jwt expiration 20 minutes","I","50","23","0.00","0.00","48.5K"
"devise jwt","I","50","21","0.00","0.33","14.5M"
"do jwt tokens expire","I","50","23","0.00","0.33","57.4K"
"e jwt","I","50","16","0.00","0.33","12.9M"
"flask jwt","I","50","22","0.00","0.01","n/a"
"how does jwt authentication work","I","50","24","2.19","0.29","15.4M"
"invalidate jwt token","I","50","20","0.00","0.00","145K"
"jwks vs jwt","I","50","29","0.00","0.01","169K"
"jwt access token and refresh token","I","50","29","0.00","0.06","n/a"
"jwt api gateway","I","50","29","0.00","0.01","4.7M"
"jwt authentication for wp rest api","I","50","27","0.00","0.11","1.3M"
"jwt enterprises","C","50","15","0.00","0.03","n/a"
"jwt equipment specialists","N","50","20","0.00","0.03","n/a"
"jwt group","I","50","17","0.00","0.01","15.8M"
"jwt handbook","I","50","17","11.58","0.30","308K"
"jwt malformed","I","50","21","0.00","0.01","525K"
"jwt middleware","I","50","24","0.00","0.01","n/a"
"jwt refresh token best practices","C","50","27","0.00","0.12","621K"
"jwt rust","I","50","29","0.00","0.33","13.1M"
"jwt token vs oauth 2","I","50","18","0.00","0.00","n/a"
"jwt typescript","I","50","24","0.00","0.01","15.6M"
"jwt.ms","I","50","23","0.00","0.00","17M"